{
    "insertar_artesano": "INSERT INTO artesano (comuna_id, descripcion_artesania, nombre, email, celular) VALUES (%s,%s,%s,%s,%s);",
    "obtener_list_artesano_desde_mas_reciente": "SELECT id, comuna_id, descripcion_artesania, nombre, email, celular FROM artesano ORDER BY id DESC;",
    "obtener_list_artesano_desde_mas_reciente_limitado_primeros_5": "SELECT id, comuna_id, descripcion_artesania, nombre, email, celular FROM artesano ORDER BY id DESC LIMIT 0, 5;",
    "obtener_list_artesano_desde_mas_reciente_limitado_siguientes_5": "SELECT id, comuna_id, descripcion_artesania, nombre, email, celular FROM artesano ORDER BY id DESC LIMIT 5, 5;",
    "obtener_list_artesano_con_nombre_comuna_en_lugar_de_ID": "SELECT artesano.id, comuna.nombre, descripcion_artesania, artesano.nombre, email, celular FROM artesano, comuna WHERE artesano.comuna_id=comuna.id ORDER BY id DESC LIMIT 5, 5;",
    "get_artesanos_by_page_prev_next": "SELECT artesano.id, comuna.nombre, descripcion_artesania, artesano.nombre, email, celular FROM artesano, comuna WHERE artesano.comuna_id=comuna.id ORDER BY id DESC LIMIT %s, %s;",
    
    "get_comuna_id_by_comuna": "SELECT id FROM comuna WHERE nombre=%s;",
    "get_comuna_by_comuna_id": "SELECT nombre FROM comuna WHERE id=%s;",

    "insertar_artesano_tipo": "INSERT INTO artesano_tipo (artesano_id, tipo_artesania_id) VALUES (%s,%s);",
    "get_tipo_artesania_id_by_tipo_artesania": "SELECT id FROM tipo_artesania WHERE nombre=%s;",
    "obtener_tipos_artesania_de_artesano_particular": "SELECT TA.nombre FROM tipo_artesania TA, artesano_tipo AT WHERE AT.tipo_artesania_id=TA.id AND AT.artesano_id=%s;",

    "insertar_foto": "INSERT INTO foto (ruta_archivo, nombre_archivo, artesano_id) VALUES (%s,%s,%s);",
    "obtener_fotos_informadas_por_artesano": "SELECT ruta_archivo, nombre_archivo FROM foto WHERE artesano_id=%s",
    
    "obtener_el_ultimo_id_insertado": "SELECT LAST_INSERT_ID();",

    "insertar_hincha": "INSERT INTO hincha (comuna_id, modo_transporte, nombre, email, celular, comentarios) VALUES (%s,%s,%s,%s,%s,%s);",
    "insertar_hincha_deporte": "INSERT INTO hincha_deporte (hincha_id, deporte_id) VALUES (%s,%s);",
    "obtener_deportes_de_hincha_particular": "SELECT D.nombre FROM deporte D, hincha_deporte HD WHERE HD.deporte_id=D.id AND HD.hincha_id=%s;",
    "get_modo_transporte_de_hincha_particular": "SELECT modo_transporte FROM hincha WHERE id=%s;",
    "get_celular_de_hincha_particular": "SELECT celular FROM hincha WHERE id=%s;",
    "get_hinchas_by_page_prev_next": "SELECT hincha.id, comuna.nombre, modo_transporte, hincha.nombre, email, celular, comentarios FROM hincha, comuna WHERE hincha.comuna_id=comuna.id ORDER BY id DESC LIMIT %s, %s;"
}